session_id	client_ip	user_agent	unique_hits
407	1.186.76.11	Mozilla/5.0 (Windows NT 6.3; WOW64) AppleWebKit/537.36 (KHTML, like Gecko) Chrome/43.0.2357.134 Safari/537.36	9
408	1.186.76.11	Mozilla/5.0 (Windows NT 6.3; WOW64) AppleWebKit/537.36 (KHTML, like Gecko) Chrome/43.0.2357.134 Safari/537.36	9
409	1.186.76.11	Mozilla/5.0 (Windows NT 6.3; WOW64) AppleWebKit/537.36 (KHTML, like Gecko) Chrome/43.0.2357.134 Safari/537.36	3
1698	1.22.132.104	Mozilla/5.0 (Windows NT 6.3; WOW64) AppleWebKit/537.36 (KHTML, like Gecko) Chrome/43.0.2357.134 Safari/537.36	19
391	1.22.187.226	Mozilla/5.0 (Windows NT 6.1; WOW64; rv:39.0) Gecko/20100101 Firefox/39.0	1
688	1.22.84.151	Mozilla/5.0 (Windows NT 6.1; WOW64) AppleWebKit/537.36 (KHTML, like Gecko) Chrome/43.0.2357.134 Safari/537.36	8
689	1.22.84.151	Mozilla/5.0 (Windows NT 6.1; WOW64) AppleWebKit/537.36 (KHTML, like Gecko) Chrome/43.0.2357.134 Safari/537.36	2
472	1.23.80.25	Mozilla/5.0 (Windows NT 6.1) AppleWebKit/537.36 (KHTML, like Gecko) Chrome/43.0.2357.134 Safari/537.36	6
1572	1.38.16.236	Mozilla/5.0 (Windows NT 6.1) AppleWebKit/535.19 (KHTML, like Gecko) Chrome/18.0.1025.142 Safari/535.19	3
1086	1.38.20.50	Mozilla/5.0 (Linux; U; Android 4.2.2; en-gb; GT-I9060 Build/JDQ39) AppleWebKit/534.30 (KHTML, like Gecko) Version/4.0 Mobile Safari/534.30	2
54	1.39.10.140	Mozilla/5.0 (iPhone; CPU iPhone OS 8_1_1 like Mac OS X) AppleWebKit/600.1.4 (KHTML, like Gecko) Version/8.0 Mobile/12B435 Safari/600.1.4	1
839	1.39.12.167	Mozilla/5.0 (Linux; U; Android 4.0.4; en-gb; LG-P990 Build/IMM76L) AppleWebKit/534.30 (KHTML, like Gecko) Version/4.0 Mobile Safari/534.30	3
1096	1.39.12.227	Mozilla/5.0 (Linux; U; Android 4.2.2; en-gb; GT-S7582 Build/JDQ39) AppleWebKit/534.30 (KHTML, like Gecko) Version/4.0 Mobile Safari/534.30	3
638	1.39.33.236	Mozilla/5.0 (Linux; U; Android 2.3.5; en-us; Spice MI352 Build/GRJ90) AppleWebKit/5.33.1 (KHTML, like Gecko) Version/4.0 Mobile Safari/533.1	3
1392	1.39.34.3	Mozilla/5.0 (Linux; U; Android 4.1.2; en-us; GT-P3100 Build/JZO54K) AppleWebKit/534.30 (KHTML, like Gecko) Version/4.0 Safari/534.30	1
833	1.39.35.229	Mozilla/5.0 (Linux; Android 4.4.2; HTC Desire 620G dual sim Build/KOT49H) AppleWebKit/537.36 (KHTML, like Gecko) Version/4.0 Chrome/30.0.0.0 Mobile Safari/537.36	56
834	1.39.35.229	Mozilla/5.0 (Linux; Android 4.4.2; HTC Desire 620G dual sim Build/KOT49H) AppleWebKit/537.36 (KHTML, like Gecko) Version/4.0 Chrome/30.0.0.0 Mobile Safari/537.36	3
584	1.39.35.242	Mozilla/5.0 (iPhone; CPU iPhone OS 6_1_3 like Mac OS X) AppleWebKit/536.26 (KHTML, like Gecko) Version/6.0 Mobile/10B329 Safari/8536.25	1
935	1.39.40.34	Mozilla/5.0 (Linux; Android 4.4.4; en-gb; SAMSUNG GT-I9300I Build/KTU84P) AppleWebKit/537.36 (KHTML, like Gecko) Version/1.5 Chrome/28.0.1500.94 Mobile Safari/537.36	1
1120	1.39.60.10	Mozilla/5.0 (Linux; U; Android 4.4.4; en-US; Che1-L04 Build/Che1-L04) AppleWebKit/534.30 (KHTML, like Gecko) Version/4.0 UCBrowser/10.5.2.582 U3/0.8.0 Mobile Safari/534.30	1
485	1.39.60.67	Mozilla/5.0 (Linux; Android 4.2.2; C2104 Build/15.3.A.1.17) AppleWebKit/537.36 (KHTML, like Gecko) Chrome/42.0.2311.108 Mobile Safari/537.36	2
1140	1.39.61.62	Mozilla/5.0 (Linux; Android 4.4.2; ASUS_T00J Build/KVT49L) AppleWebKit/537.36 (KHTML, like Gecko) Chrome/43.0.2357.93 Mobile Safari/537.36	3
1435	1.39.61.73	Mozilla/5.0 (Linux; Android 4.4.2; Micromax A065 Build/KOT49H) AppleWebKit/537.36 (KHTML, like Gecko) Chrome/34.0.1847.114 Mobile Safari/537.36	1
323	1.39.61.95	Mozilla/5.0 (Linux; U; Android 4.0.4; en-us; Micromax A91 Build/IMM76D) AppleWebKit/534.30 (KHTML, like Gecko) Version/4.0 Mobile Safari/534.30	2
481	1.39.62.240	Mozilla/5.0 (Linux; U; Android 2.3.6; en-gb; GT-S5360 Build/GINGERBREAD) AppleWebKit/533.1 (KHTML, like Gecko) Version/4.0 Mobile Safari/533.1	2
456	1.39.62.86	Mozilla/5.0 (Linux; U; Android 5.0.2; en-US; XT1068 Build/LXB22.46-28) AppleWebKit/534.30 (KHTML, like Gecko) Version/4.0 UCBrowser/10.4.1.565 U3/0.8.0 Mobile Safari/534.30	1
500	1.39.63.192	Mozilla/5.0 (Linux; Android 4.2.2; SM-T111 Build/JDQ39) AppleWebKit/537.36 (KHTML, like Gecko) Chrome/43.0.2357.78 Safari/537.36 OPR/30.0.1856.92967	6
925	1.39.63.64	Mozilla/5.0 (Windows NT 6.3) AppleWebKit/537.36 (KHTML, like Gecko) Chrome/43.0.2357.134 Safari/537.36	1
1270	1.39.8.193	Mozilla/5.0 (iPad; CPU OS 8_4 like Mac OS X) AppleWebKit/600.1.4 (KHTML, like Gecko) CriOS/43.0.2357.61 Mobile/12H143 Safari/600.1.4	3
877	1.39.9.210	Mozilla/5.0 (Linux; Android 4.4.2; en-us; SAMSUNG SM-N750 Build/KOT49H) AppleWebKit/537.36 (KHTML, like Gecko) Version/1.5 Chrome/28.0.1500.94 Mobile Safari/537.36	3
916	1.39.96.212	Mozilla/5.0 (Windows NT 6.1; WOW64) AppleWebKit/537.36 (KHTML, like Gecko) Chrome/43.0.2357.134 Safari/537.36	1
1150	1.39.96.42	Mozilla/5.0 (Linux; Android 4.4.2; Micromax A108 Build/KOT49H) AppleWebKit/537.36 (KHTML, like Gecko) Version/4.0 Chrome/30.0.0.0 Mobile Safari/537.36	19
1151	1.39.96.42	Mozilla/5.0 (Linux; Android 4.4.2; Micromax A108 Build/KOT49H) AppleWebKit/537.36 (KHTML, like Gecko) Version/4.0 Chrome/30.0.0.0 Mobile Safari/537.36	1
382	1.39.97.44	Mozilla/5.0 (Windows NT 6.3; WOW64) AppleWebKit/537.36 (KHTML, like Gecko) Chrome/43.0.2357.134 Safari/537.36	3
787	101.210.255.231	SAMSUNG-GT-S3770K/S3770KDDLF2 NetFront/4.1 Profile/MIDP-2.0 Configuration/CLDC-1.1	8
1021	101.212.72.139	Mozilla/5.0 (Linux; Android 4.0.4; GT-S7562 Build/IMM76I) AppleWebKit/537.36 (KHTML, like Gecko) Chrome/42.0.2311.111 Mobile Safari/537.36	4
515	101.216.252.51	Mozilla/5.0 (Linux; Android 4.2.2; MTV SLATE Build/JDQ39) AppleWebKit/537.36 (KHTML, like Gecko) Chrome/40.0.2214.109 Safari/537.36	1
772	101.222.164.22	Mozilla/5.0 (Linux; U; Android 5.0; en-US; Micromax A106 Build/LRX21M) AppleWebKit/534.30 (KHTML, like Gecko) Version/4.0 UCBrowser/10.5.2.582 U3/0.8.0 Mobile Safari/534.30	2
890	101.222.233.27	Mozilla/5.0 (Windows NT 6.1; WOW64; rv:37.0) Gecko/20100101 Firefox/37.0	1
1188	101.222.238.202	Mozilla/5.0 (Linux; U; Android 4.4.2; en-US; SM-G7102 Build/KOT49H) AppleWebKit/534.30 (KHTML, like Gecko) Version/4.0 UCBrowser/10.3.0.552 U3/0.8.0 Mobile Safari/534.30	4
957	101.57.125.153	Mozilla/5.0 (Linux; Android 5.0.2; D6502 Build/23.1.A.1.28) AppleWebKit/537.36 (KHTML, like Gecko) Chrome/43.0.2357.93 Mobile Safari/537.36	1
0	101.57.202.210	Mozilla/5.0 (Windows NT 6.1) AppleWebKit/537.4 (KHTML, like Gecko) Chrome/22.0.1229.26 Safari/537.4	1
1094	101.59.211.60	Mozilla/5.0 (Windows NT 6.1) AppleWebKit/537.36 (KHTML, like Gecko) Chrome/45.0.2454.12 Safari/537.36	4
949	101.60.223.89	Mozilla/5.0 (Linux; Tizen 2.3; SAMSUNG SM-Z130H) AppleWebKit/537.3 (KHTML, like Gecko) Version/2.3 Mobile Safari/537.3	6
445	101.62.128.133	Mozilla/5.0 (Windows NT 6.1; WOW64; rv:34.0) Gecko/20100101 Firefox/34.0	9
1092	101.62.167.150	Mozilla/5.0 (Windows NT 6.2; WOW64) AppleWebKit/537.36 (KHTML, like Gecko) Chrome/43.0.2357.134 Safari/537.36	8
1493	101.63.150.142	Mozilla/5.0 (Windows NT 6.1) AppleWebKit/537.36 (KHTML, like Gecko) Chrome/43.0.2357.134 Safari/537.36	11
1494	101.63.150.142	Mozilla/5.0 (Windows NT 6.1) AppleWebKit/537.36 (KHTML, like Gecko) Chrome/43.0.2357.134 Safari/537.36	2
670	101.63.225.24	Mozilla/5.0 (Windows NT 6.1) AppleWebKit/537.36 (KHTML, like Gecko) Chrome/43.0.2357.134 Safari/537.36	2
669	101.63.225.24	Mozilla/5.0 (Windows NT 6.1) AppleWebKit/537.36 (KHTML, like Gecko) Chrome/43.0.2357.134 Safari/537.36	2
1675	103.15.81.3	Mozilla/5.0 (Windows NT 6.1; WOW64) AppleWebKit/537.36 (KHTML, like Gecko) Chrome/43.0.2357.134 Safari/537.36	1
1142	103.16.71.9	Mozilla/5.0 (Linux; Android 4.4.2; 8x-1000 Build/KOT49H) AppleWebKit/537.36 (KHTML, like Gecko) Chrome/43.0.2357.93 Mobile Safari/537.36	3
1103	103.17.130.231	Mozilla/5.0 (Linux; Android 4.4.4; 2014818 Build/KTU84P) AppleWebKit/537.36 (KHTML, like Gecko) Chrome/43.0.2357.93 Mobile Safari/537.36	4
1407	103.22.172.162	Mozilla/5.0 (Windows NT 6.1; rv:39.0) Gecko/20100101 Firefox/39.0	6
1441	103.225.100.210	Mozilla/5.0 (Windows NT 6.1; WOW64) AppleWebKit/537.36 (KHTML, like Gecko) Chrome/43.0.2357.130 Safari/537.36	2
697	103.225.100.51	Mozilla/5.0 (X11; Linux x86_64) AppleWebKit/537.36 (KHTML, like Gecko) Chrome/42.0.2311.90 Safari/537.36	1
142	103.228.113.84	Mozilla/4.0 (compatible; MSIE 8.0; Windows NT 5.1; Trident/4.0; InfoPath.2)	1
1421	103.228.115.57	Mozilla/5.0 (Windows NT 6.1) AppleWebKit/537.36 (KHTML, like Gecko) Chrome/43.0.2357.134 Safari/537.36	1
341	103.228.40.203	Mozilla/5.0 (Linux; Android 5.0; SAMSUNG SM-N900 Build/LRX21V) AppleWebKit/537.36 (KHTML, like Gecko) SamsungBrowser/2.1 Chrome/34.0.1847.76 Mobile Safari/537.36	2
1626	103.228.44.152	Mozilla/5.0 (Windows NT 5.1) AppleWebKit/537.36 (KHTML, like Gecko) Chrome/43.0.2357.134 Safari/537.36	12
1627	103.228.44.152	Mozilla/5.0 (Windows NT 5.1) AppleWebKit/537.36 (KHTML, like Gecko) Chrome/43.0.2357.134 Safari/537.36	3
695	103.229.78.113	Mozilla/5.0 (Windows NT 6.1) AppleWebKit/537.36 (KHTML, like Gecko) Chrome/43.0.2357.134 Safari/537.36	8
1108	103.231.218.50	Mozilla/5.0 (Windows NT 6.1) AppleWebKit/537.36 (KHTML, like Gecko) Chrome/44.0.2403.89 Safari/537.36	1
1500	103.232.185.47	Mozilla/5.0 (compatible; MSIE 9.0; Windows NT 6.1; Trident/7.0)	2
502	103.238.243.99	Mozilla/5.0 (Windows NT 6.1; rv:38.0) Gecko/20100101 Firefox/38.0	3
1029	103.240.206.156	Mozilla/5.0 (Windows NT 6.1; rv:38.0) Gecko/20100101 Firefox/38.0	6
1541	103.241.233.153	Mozilla/5.0 (Macintosh; Intel Mac OS X 10_10_4) AppleWebKit/537.36 (KHTML, like Gecko) Chrome/43.0.2357.134 Safari/537.36	6
1542	103.241.233.153	Mozilla/5.0 (Macintosh; Intel Mac OS X 10_10_4) AppleWebKit/537.36 (KHTML, like Gecko) Chrome/43.0.2357.134 Safari/537.36	8
1543	103.241.233.153	Mozilla/5.0 (Macintosh; Intel Mac OS X 10_10_4) AppleWebKit/537.36 (KHTML, like Gecko) Chrome/43.0.2357.134 Safari/537.36	3
900	103.245.198.190	Mozilla/5.0 (Windows NT 6.1; WOW64; rv:39.0) Gecko/20100101 Firefox/39.0	3
631	103.245.70.87	Mozilla/5.0 (Windows NT 6.3; WOW64; Trident/7.0; rv:11.0) like Gecko	6
632	103.245.70.87	Mozilla/5.0 (Windows NT 6.3; WOW64; Trident/7.0; rv:11.0) like Gecko	2
1177	103.248.35.4	Mozilla/5.0 (Windows NT 6.1; WOW64) AppleWebKit/537.36 (KHTML, like Gecko) Chrome/43.0.2357.134 Safari/537.36	2
1178	103.248.35.4	Mozilla/5.0 (Windows NT 6.1; WOW64) AppleWebKit/537.36 (KHTML, like Gecko) Chrome/43.0.2357.134 Safari/537.36	6
1153	103.248.35.4	Mozilla/5.0 (Windows NT 6.1; WOW64) AppleWebKit/537.36 (KHTML, like Gecko) Chrome/43.0.2357.134 Safari/537.36	22
1154	103.248.35.4	Mozilla/5.0 (Windows NT 6.1; WOW64) AppleWebKit/537.36 (KHTML, like Gecko) Chrome/43.0.2357.134 Safari/537.36	5
56	103.249.232.39	Mozilla/5.0 (Windows NT 6.1; WOW64; rv:40.0) Gecko/20100101 Firefox/40.0	7
57	103.249.232.39	Mozilla/5.0 (Windows NT 6.1; WOW64; rv:40.0) Gecko/20100101 Firefox/40.0	1
257	103.249.90.2	Mozilla/5.0 (Windows NT 6.0; WOW64; rv:39.0) Gecko/20100101 Firefox/39.0	5
1124	103.252.24.13	Mozilla/5.0 (Linux; Android 5.1.1; Spice Mi-498 Build/LMY47V) AppleWebKit/537.36 (KHTML, like Gecko) Chrome/43.0.2357.93 Mobile Safari/537.36	4
1054	103.252.25.189	Mozilla/5.0 (Windows NT 6.1; Win64; x64) AppleWebKit/537.36 (KHTML, like Gecko) Chrome/45.0.2454.12 Safari/537.36	3
1056	103.252.25.189	Mozilla/5.0 (Windows NT 6.1; Win64; x64) AppleWebKit/537.36 (KHTML, like Gecko) Chrome/45.0.2454.12 Safari/537.36	3
1033	103.252.25.189	Mozilla/5.0 (Windows NT 6.1; Win64; x64) AppleWebKit/537.36 (KHTML, like Gecko) Chrome/45.0.2454.12 Safari/537.36	11
622	103.254.131.16	Mozilla/5.0 (BB10; Touch) AppleWebKit/537.35+ (KHTML, like Gecko) Version/10.3.1.2576 Mobile Safari/537.35+	3
621	103.254.131.16	Mozilla/5.0 (BB10; Touch) AppleWebKit/537.35+ (KHTML, like Gecko) Version/10.3.1.2576 Mobile Safari/537.35+	3
202	103.38.247.47	Mozilla/5.0 (Windows NT 6.3; WOW64) AppleWebKit/537.36 (KHTML, like Gecko) Chrome/44.0.2403.89 Safari/537.36	9
203	103.38.247.47	Mozilla/5.0 (Windows NT 6.3; WOW64) AppleWebKit/537.36 (KHTML, like Gecko) Chrome/44.0.2403.89 Safari/537.36	1
1261	103.39.251.18	Mozilla/4.0 (compatible; MSIE 7.0; Windows NT 6.1; WOW64; Trident/4.0; SLCC2; .NET CLR 2.0.50727; .NET CLR 3.5.30729; .NET CLR 3.0.30729; InfoPath.2; .NET4.0C; .NET4.0E)	2
72	103.4.233.203	Mozilla/5.0 (Windows NT 5.1) AppleWebKit/537.36 (KHTML, like Gecko) Chrome/43.0.2357.134 Safari/537.36	8
355	103.41.34.242	Mozilla/5.0 (compatible; MSIE 10.0; Windows Phone 8.0; Trident/6.0; IEMobile/10.0; ARM; Touch; NOKIA; Lumia 520)	6
356	103.41.34.242	Mozilla/5.0 (compatible; MSIE 10.0; Windows Phone 8.0; Trident/6.0; IEMobile/10.0; ARM; Touch; NOKIA; Lumia 520)	2
351	103.41.34.242	Mozilla/5.0 (compatible; MSIE 10.0; Windows Phone 8.0; Trident/6.0; IEMobile/10.0; ARM; Touch; NOKIA; Lumia 520)	5
357	103.41.34.242	Mozilla/5.0 (compatible; MSIE 10.0; Windows Phone 8.0; Trident/6.0; IEMobile/10.0; ARM; Touch; NOKIA; Lumia 520)	4
1228	103.42.88.34	Mozilla/5.0 (Windows NT 6.2; WOW64) AppleWebKit/537.36 (KHTML, like Gecko) Chrome/43.0.2357.134 Safari/537.36	9
1229	103.42.88.34	Mozilla/5.0 (Windows NT 6.2; WOW64) AppleWebKit/537.36 (KHTML, like Gecko) Chrome/43.0.2357.134 Safari/537.36	3
1216	103.43.82.9	Mozilla/5.0 (compatible; MSIE 10.0; Windows NT 6.2; WOW64; Trident/7.0)	2
619	103.44.106.41	Mozilla/5.0 (Windows NT 6.1) AppleWebKit/537.36 (KHTML, like Gecko) Chrome/42.0.2311.90 Safari/537.36	1
1726	103.47.153.56	Mozilla/5.0 (Windows NT 5.1) AppleWebKit/537.36 (KHTML, like Gecko) Chrome/43.0.2357.134 Safari/537.36	6
945	103.47.158.49	Mozilla/5.0 (Windows NT 6.2; WOW64) AppleWebKit/537.36 (KHTML, like Gecko) Chrome/43.0.2357.134 Safari/537.36	8
393	103.47.164.126	Mozilla/5.0 (X11; Linux x86_64) AppleWebKit/537.36 (KHTML, like Gecko) Chrome/43.0.2357.132 Safari/537.36	62
